<?xml version="1.0" encoding="UTF-8"?>
<project-private xmlns="http://www.netbeans.org/ns/project-private/1">
    <editor-bookmarks xmlns="http://www.netbeans.org/ns/editor-bookmarks/2" lastBookmarkId="0"/>
    <open-files xmlns="http://www.netbeans.org/ns/projectui-open-files/2">
        <group>
            <file>file:/home/nguyenhongphat0/NetBeansProjects/Demo/src/java/servlet/AddBookToCartServlet.java</file>
            <file>file:/home/nguyenhongphat0/NetBeansProjects/Demo/src/java/cart/CartObject.java</file>
            <file>file:/home/nguyenhongphat0/NetBeansProjects/Demo/web/META-INF/context.xml</file>
            <file>file:/home/nguyenhongphat0/NetBeansProjects/Demo/web/search.jsp</file>
            <file>file:/home/nguyenhongphat0/NetBeansProjects/Demo/src/java/users/UsersDAO.java</file>
            <file>file:/home/nguyenhongphat0/NetBeansProjects/Demo/src/java/servlet/ProcessCookiesServlet.java</file>
            <file>file:/home/nguyenhongphat0/NetBeansProjects/Demo/src/java/servlet/FrontServlet.java</file>
            <file>file:/home/nguyenhongphat0/NetBeansProjects/Demo/src/java/utils/DBUtils.java</file>
            <file>file:/home/nguyenhongphat0/NetBeansProjects/Demo/src/java/servlet/UpdateServlet.java</file>
            <file>file:/home/nguyenhongphat0/NetBeansProjects/Demo/src/java/servlet/DeleteServlet.java</file>
            <file>file:/home/nguyenhongphat0/NetBeansProjects/Demo/web/updateError.html</file>
            <file>file:/home/nguyenhongphat0/NetBeansProjects/Demo/web/shoppingOnline.html</file>
            <file>file:/home/nguyenhongphat0/NetBeansProjects/Demo/src/java/servlet/LoginServlet.java</file>
            <file>file:/home/nguyenhongphat0/NetBeansProjects/Demo/web/login.html</file>
        </group>
    </open-files>
</project-private>
